<?xml version="1.0" encoding="UTF-8"?>
<!DOCTYPE mapper PUBLIC "-//mybatis.org//DTD Mapper 3.0//EN" "http://mybatis.org/dtd/mybatis-3-mapper.dtd">
<mapper namespace="Assessment">
    <insert id="insert" parameterType="Assessment">
        INSERT INTO assessments
        (PayerId, AssesedServiceId, Balance, InvoiceNumber, PayerTin, ReferenceNumber, IsSettled, TaxTypeId, TaxYear, TaxMonth,
        TotalAmount, IsObjected, CollectionOfficerRecommendation, RecommendationDate, RecommendedAmount, CreatedBy, CreatedDate)
        VALUES
        (#{PayerId}, #{AssesedServiceId}, #{Balance}, #{InvoiceNumber}, #{PayerTin}, #{ReferenceNumber}, #{IsSettled}, #{TaxTypeId},
        #{TaxYear}, #{TaxMonth}, #{TotalAmount}, #{IsObjected}, #{CollectionOfficerRecommendation}, #{RecommendationDate}, #{RecommendedAmount},
        #{CreatedBy}, #{CreatedDate});
    </insert>
    
    <update id="update" parameterType="Assessment">
        UPDATE assessments
        SET
        PayerId = #{PayerId},
        AssesedServiceId = #{AssesedServiceId},
        Balance = #{Balance},
        InvoiceNumber = #{InvoiceNumber},
        PayerTin = #{PayerTin},
        ReferenceNumber = #{ReferenceNumber},
        IsSettled = #{IsSettled},
        TaxTypeId = #{TaxTypeId},
        TaxYear = #{TaxYear},
        TaxMonth = #{TaxMonth},
        TotalAmount = #{TotalAmount},
        IsObjected = #{IsObjected},
        CollectionOfficerRecommendation = #{CollectionOfficerRecommendation},
        RecommendationDate = #{RecommendationDate},
        RecommendedAmount = #{RecommendedAmount},
        CreatedBy = #{CreatedBy},
        CreatedDate = #{CreatedDate},
        UpdatedBy = #{UpdatedBy},
        UpdatedDate = #{UpdatedDate}
        WHERE Id = #{Id};
    </update>
    <select id="singleAssess" resultType="Assessment">SELECT * FROM assessments WHERE Id = #{Id}</select>

    <select id="single" resultType="AssessmentDto">
        SELECT users.FirstName AS PayerFirstName, users.LastName AS PayerLastName, assessments.Balance AS Balance, assessments.InvoiceNumber AS InvoiceNumber,
        assessments.PayerTin AS PayerTin, assessments.ReferenceNumber AS ReferenceNumber, assessments.IsSettled AS IsSettled, tax_types.Name AS TaxType,
        assessments.TaxYear AS TaxYear, assessments.TaxMonth AS TaxMonth, assessments.TotalAmount AS TotalAmount, assessments.IsObjected AS IsObjected,
        assessments.CollectionOfficerRecommendation AS CollectionOfficerRecommendation, assessments.RecommendationDate AS RecommendationDate,
        assessments.RecommendedAmount AS RecommendedAmount, mda_services.Name AS AssesedService, mda_services.Code AS AssesedServiceCode, assessments.CreatedBy AS AssessedBy
        FROM assessments LEFT JOIN users ON assessments.Id = users.Id LEFT JOIN mda_services ON AssessedServiceId = mda_services.Id LEFT JOIN tax_types ON
        assessments.TaxTypeId = tax_types.Id ORDER BY #{orderBy} WHERE assessments.Id = #{Id}
    </select>
    <select id="selectAll" resultType="AssessmentDto" parameterType="PageFinder">
        SELECT users.FirstName AS PayerFirstName, users.LastName AS PayerLastName, assessments.Balance AS Balance, assessments.InvoiceNumber AS InvoiceNumber,
        assessments.PayerTin AS PayerTin, assessments.ReferenceNumber AS ReferenceNumber, assessments.IsSettled AS IsSettled, tax_types.Name AS TaxType,
        assessments.TaxYear AS TaxYear, assessments.TaxMonth AS TaxMonth, assessments.TotalAmount AS TotalAmount, assessments.IsObjected AS IsObjected,
        assessments.CollectionOfficerRecommendation AS CollectionOfficerRecommendation, assessments.RecommendationDate AS RecommendationDate,
        assessments.RecommendedAmount AS RecommendedAmount, mda_services.Name AS AssesedService, mda_services.Code AS AssesedServiceCode, assessments.CreatedBy AS AssessedBy
        FROM assessments LEFT JOIN users ON assessments.Id = users.Id LEFT JOIN mda_services ON AssessedServiceId = mda_services.Id LEFT JOIN tax_types ON
        assessments.TaxTypeId = tax_types.Id ORDER BY #{orderBy}
        <if test="orderBy == null">
            , Id
        </if>
        ASC LIMIT #{from}, #{recordsPerPage};
    </select>
    <select id="selectAllMda" resultType="AssessmentDto" parameterType="PageFinder">
        SELECT users.FirstName AS PayerFirstName, users.LastName AS PayerLastName, assessments.Balance AS Balance, assessments.InvoiceNumber AS InvoiceNumber,
        assessments.PayerTin AS PayerTin, assessments.ReferenceNumber AS ReferenceNumber, assessments.IsSettled AS IsSettled, tax_types.Name AS TaxType,
        assessments.TaxYear AS TaxYear, assessments.TaxMonth AS TaxMonth, assessments.TotalAmount AS TotalAmount, assessments.IsObjected AS IsObjected,
        assessments.CollectionOfficerRecommendation AS CollectionOfficerRecommendation, assessments.RecommendationDate AS RecommendationDate,
        assessments.RecommendedAmount AS RecommendedAmount, mda_services.Name AS AssesedService, mda_services.Code AS AssesedServiceCode, assessments.CreatedBy AS AssessedBy
        FROM assessments LEFT JOIN users ON assessments.Id = users.Id LEFT JOIN mda_services ON AssessedServiceId = mda_services.Id LEFT JOIN tax_types ON
        assessments.TaxTypeId = tax_types.Id WHERE assessments.MdaId = #{MdaId} ORDER BY #{orderBy}
        <if test="orderBy == null">
            , Id
        </if>
        ASC LIMIT #{from}, #{recordsPerPage};
    </select>
    <select id="search" resultType="AssessmentDto" parameterType="AssessmentDto">
        SELECT users.FirstName AS PayerFirstName, users.LastName AS PayerLastName, assessments.Balance AS Balance, assessments.InvoiceNumber AS InvoiceNumber,
        assessments.PayerTin AS PayerTin, assessments.ReferenceNumber AS ReferenceNumber, assessments.IsSettled AS IsSettled, tax_types.Name AS TaxType,
        assessments.TaxYear AS TaxYear, assessments.TaxMonth AS TaxMonth, assessments.TotalAmount AS TotalAmount, assessments.IsObjected AS IsObjected,
        assessments.CollectionOfficerRecommendation AS CollectionOfficerRecommendation, assessments.RecommendationDate AS RecommendationDate,
        assessments.RecommendedAmount AS RecommendedAmount, mda_services.Name AS AssesedService, mda_services.Code AS AssesedServiceCode, assessments.CreatedBy AS AssessedBy
        FROM assessments LEFT JOIN users ON assessments.Id = users.Id LEFT JOIN mda_services ON AssessedServiceId = mda_services.Id LEFT JOIN tax_types ON
        assessments.TaxTypeId = tax_types.Id WHERE users.FirstName like  #{PayerFirstName} OR users.LastName like #{PayerLastName} OR assessments.InvoiceNumber like #{InvoiceNumber} OR
        assessments.PayerTin like #{PayerTin} OR mda_services.Name like #{AssesedService} OR mda_services.Code like #{AssesedServiceCode}
    </select>
    <select id="searchMda" resultType="AssessmentDto" parameterType="AssessmentDto">
        SELECT users.FirstName AS PayerFirstName, users.LastName AS PayerLastName, assessments.Balance AS Balance, assessments.InvoiceNumber AS InvoiceNumber,
        assessments.PayerTin AS PayerTin, assessments.ReferenceNumber AS ReferenceNumber, assessments.IsSettled AS IsSettled, tax_types.Name AS TaxType,
        assessments.TaxYear AS TaxYear, assessments.TaxMonth AS TaxMonth, assessments.TotalAmount AS TotalAmount, assessments.IsObjected AS IsObjected,
        assessments.CollectionOfficerRecommendation AS CollectionOfficerRecommendation, assessments.RecommendationDate AS RecommendationDate,
        assessments.RecommendedAmount AS RecommendedAmount, mda_services.Name AS AssesedService, mda_services.Code AS AssesedServiceCode, assessments.CreatedBy AS AssessedBy
        FROM assessments LEFT JOIN users ON assessments.Id = users.Id LEFT JOIN mda_services ON AssessedServiceId = mda_services.Id LEFT JOIN tax_types ON
        assessments.TaxTypeId = tax_types.Id WHERE users.FirstName like  #{PayerFirstName} OR users.LastName like #{PayerLastName} OR assessments.InvoiceNumber like #{InvoiceNumber} OR
        assessments.PayerTin like #{PayerTin} OR mda_services.Name like #{AssesedService} OR mda_services.Code like #{AssesedServiceCode} AND assessments.MdaId = #{MdaId}
    </select>

    <select id="getCount" resultType="int">
        SELECT COUNT(Id) FROM assessments;
    </select>

    <select id="getCountMda" resultType="int">
        SELECT COUNT(Id) FROM assessments WHERE MdaId = #{MdaId};
    </select>
</mapper>