<?xml version="1.0" encoding="UTF-8"?>
<!DOCTYPE mapper PUBLIC "-//mybatis.org//DTD Mapper 3.0//EN" "http://mybatis.org/dtd/mybatis-3-mapper.dtd">
<mapper namespace="Mda">

    <insert id="insert" parameterType="Mda">
        <!--        <selectKey keyProperty="id" keyColumn="id" resultType="int" order="AFTER">-->
        <!--            select last_insert_id();-->
        <!--        </selectKey>-->
        INSERT INTO mdas (Name, Abbreviation, MdaCode, IsRetaining, IsRetainingByPercentage, RetainingValue, CreatedBy, CreatedDate)
        VALUES
        (#{Name}, #{Abbreviation}, #{MdaCode}, #{IsRetaining}, #{IsRetainingByPercentage}, #{RetainingValue}, #{CreatedBy}, #{CreatedDate})
    </insert>

    <update id="update" parameterType="Mda">
        UPDATE mdas SET Id = #{Id}, Name = #{Name}, Abbreviation = #{Abbreviation}, MdaCode = #{MdaCode}, IsRetaining = #{IsRetaining},
        IsRetainingByPercentage = #{IsRetainingByPercentage}, RetainingValue = #{RetainingValue}, IsActive = #{IsActive}, CreatedBy = #{CreatedBy}, CreatedDate = #{CreatedDate}
        WHERE Id = #{Id};
    </update>

    <select id="getMdaById" resultType="Mda" resultOrdered="true">
        SELECT * FROM mdas WHERE Id=#{Id} AND IsActive = 1;
    </select>

    <select id="getMdaByNameOrCode" resultType="Mda" resultOrdered="true">
        SELECT Id FROM mdas WHERE Name = #{Name} OR MdaCode = #{MdaCode} OR Abbreviation = #{Abbreviation};
    </select>

    <select id="searchMda" resultType="Mda">
        SELECT * FROM mdas WHERE Name like #{Name} OR MdaCode like #{MdaCode} OR Abbreviation like #{Abbreviation} AND IsActive = 1;
    </select>

    <select id="getCountMda" resultType="int">
        SELECT COUNT(Id) FROM mdas WHERE IsActive = 1;
    </select>

    <select id="getCountMdaServices" resultType="int">
        SELECT COUNT(Id) FROM mda_offices WHERE MdaId = #{Id};
    </select>

<!--    <select id="getAllPaged" resultMap="MdaDto" parameterType="Mda">-->
<!--        SELECT * FROM mdas WHERE IsActive = 1 ORDER BY #{orderBy}-->
<!--        <if test="orderBy == null">-->
<!--            , Id-->
<!--        </if>-->
<!--        ASC LIMIT #{from}, #{recordsPerPage};-->
<!--    </select>-->

    <select id="getMdasWhereLike" resultType="Mda">
        SELECT * FROM mdas WHERE tin Name #{Name} OR MdaCode like #{MdaCode} OR Abbreviation like #{Abbreviation} order by #{SortBy}
        <if test="orderBy == null">
            , Id
        </if>
        ASC;
    </select>
</mapper>