<?xml version="1.0" encoding="UTF-8"?>
<!DOCTYPE mapper PUBLIC "-//mybatis.org//DTD Mapper 3.0//EN" "http://mybatis.org/dtd/mybatis-3-mapper.dtd">
<mapper namespace="MdaOffice">

<!--    <insert id="insert" parameterType="MdaOffice">-->
<!--        &lt;!&ndash;        <selectKey keyProperty="id" keyColumn="id" resultType="int" order="AFTER">&ndash;&gt;-->
<!--        &lt;!&ndash;            select last_insert_id();&ndash;&gt;-->
<!--        &lt;!&ndash;        </selectKey>&ndash;&gt;-->
<!--        INSERT INTO mda_offices (Name, MdaId, OfficeCode, IsHq, Location, LatLong, CreatedBy, CreatedDate)-->
<!--        VALUES (#{Name}, #{MdaId}, #{OfficeCode}, #{IsHq}, #{Location}, #{LatLong}, #{CreatedBy}, #{CreatedDate});-->
<!--    </insert>-->

    <insert id="insert" parameterType="MdaOffice">
        <!--        <selectKey keyProperty="id" keyColumn="id" resultType="int" order="AFTER">-->
        <!--            select last_insert_id();-->
        <!--        </selectKey>-->
        INSERT INTO mda_offices (Name, MdaId, OfficeCode, IsHq, CreatedBy, CreatedDate)
        VALUES (#{Name}, #{MdaId}, #{OfficeCode}, #{IsHq}, #{CreatedBy}, #{CreatedDate});
    </insert>

    <update id="update" parameterType="MdaOffice">
        UPDATE mda_offices SET Id = #{Id}, Name = #{Name}, MdaId = #{MdaId}, OfficeCode = #{OfficeCode}, IsHq = #{IsHq},  IsActive = #{IsActive},
        Location = #{Location}, LatLong = #{LatLong}, CreatedBy = #{CreatedBy}, CreatedDate = #{CreatedDate} WHERE Id = #{Id};
    </update>

    <select id="getMdaOfficeById" resultType="MdaOffice" resultOrdered="true">
        SELECT * FROM mda_offices WHERE Id=#{Id} AND IsActive = 1;
    </select>

    <select id="getMdaOfficeByIdnMdaId" resultType="MdaOffice" resultOrdered="true">
        SELECT Id FROM mda_offices WHERE Id=#{MdaOfficeId} AND MdaId = #{MdaId} AND IsActive = 1;
    </select>

    <select id="getMdaOfficeByNameOrCode" resultType="MdaOffice" resultOrdered="true">
        SELECT Id FROM mda_offices WHERE Name = #{Name} OR OfficeCode = #{OfficeCode} And MdaId = #{MdaId} AND IsActive = 1;
    </select>

    <select id="searchMdaOffice" resultType="MdaOffice">
        SELECT * FROM mda_offices WHERE Name like #{Name} OR OfficeCode like #{OfficeCode} AND MdaId = #{MdaId} AND IsActive = 1;
    </select>

    <select id="getCountAllMdaOffices" resultType="int">
        SELECT COUNT(Id) FROM mda_offices;
    </select>

    <select id="getCountMdaOffices" resultType="int">
        SELECT COUNT(Id) FROM mda_offices WHERE MdaId = #{Id};
    </select>

    <select id="getAllPaged" resultType="MdaOfficeDto" parameterType="MdaOffice">
        SELECT * FROM mda_offices WHERE MdaId = #{MdaId} AND IsActive = 1 ORDER BY #{orderBy}
        <if test="orderBy == null">
            , Id
        </if>
        ASC LIMIT #{from}, #{recordsPerPage};
    </select>

    <select id="getMdaOfficesWhereLike" resultType="MdaOfficeDto">
        SELECT * FROM mda_offices WHERE Name like #{Name} OR OfficeCode like #{OfficeCode} AND MdaId = #{MdaId} AND IsActive = 1 order by #{SortBy}
        <if test="orderBy == null">
            , Id
        </if>
        ASC;
    </select>
</mapper>