<?xml version="1.0" encoding="UTF-8"?>
<!DOCTYPE mapper PUBLIC "-//mybatis.org//DTD Mapper 3.0//EN" "http://mybatis.org/dtd/mybatis-3-mapper.dtd">
<mapper namespace="MdaService">

    <insert id="insert" parameterType="MdaService">
        <!--        <selectKey keyProperty="id" keyColumn="id" resultType="int" order="AFTER">-->
        <!--            select last_insert_id();-->
        <!--        </selectKey>-->
        INSERT INTO mda_services
        (Name, Code, MdaId, IsAssessable, IsFixedAmount, Amount, IsRetaining, IsRetainingByPercentage, RetainingValue, CreatedBy, CreatedDate, IsActive)
        VALUES
        (#{Name}, #{Code}, #{MdaId}, #{IsAssessable}, #{IsFixedAmount}, #{Amount}, #{IsRetaining}, #{IsRetainingByPercentage}, #{RetainingValue}, #{CreatedBy}, #{CreatedDate},  #{IsActive});
    </insert>

    <update id="update" parameterType="MdaService">
        UPDATE mda_services SET Name = #{Name}, Code = #{Code}, MdaId = #{MdaId}, IsAssessable = #{IsAssessable}, IsFixedAmount = #{IsFixedAmount},
        Amount = #{Amount}, IsRetaining = #{IsRetaining}, IsRetainingByPercentage = #{IsRetainingByPercentage}, RetainingValue = #{RetainingValue}, CreatedBy = #{CreatedBy},
        CreatedDate = #{CreatedDate}, IsActive = #{IsActive} WHERE Id = #{Id};
    </update>

    <select id="getMdaById" resultType="MdaService" resultOrdered="true">
        SELECT * FROM mda_offices WHERE Id=#{Id} AND IsActive = 1;
    </select>

    <select id="getMdaServiceByNameOrCode" resultType="MdaService" resultOrdered="true">
        SELECT * FROM mda_services WHERE Name = #{Name} OR Code = #{Code} AND MdaId = #{MdaId} AND IsActive = 1;
    </select>

    <select id="searchMdaService" resultType="MdaService">
        SELECT * FROM mda_services WHERE Name like #{Name} OR Code like #{Code} AND IsActive = 1;
    </select>

    <select id="getCountAllMdaServices" resultType="int">
        SELECT COUNT(Id) FROM mda_offices;
    </select>

    <select id="getCountMdaServices" resultType="int">
        SELECT COUNT(Id) FROM mda_offices WHERE MdaId = #{Id};
    </select>

    <select id="getAllPaged" resultType="MdaServiceDto" parameterType="MdaOffice">
        SELECT * FROM mda_offices WHERE MdaId = #{MdaId} AND IsActive = 1 ORDER BY #{orderBy}
        <if test="orderBy == null">
            , Id
        </if>
        ASC LIMIT #{from}, #{recordsPerPage};
    </select>

    <select id="getMdaServicesWhereLike" resultType="MdaServiceDto">
        SELECT * FROM mda_services WHERE Name like #{Name} OR Code like #{Code} AND IsActive = 1 order by #{Name}
        <if test="orderBy == null">
            , Id
        </if>
        ASC;
    </select>
</mapper>