<?xml version="1.0" encoding="UTF-8"?>
<!DOCTYPE mapper PUBLIC "-//mybatis.org//DTD Mapper 3.0//EN" "http://mybatis.org/dtd/mybatis-3-mapper.dtd">
<mapper namespace="MdaServiceDto">

<!--    <select id="getAllPaged" resultMap="MdaDto" parameterType="Mda">-->
<!--        SELECT * FROM mdas WHERE IsActive = 1 ORDER BY #{orderBy}-->
<!--        <if test="orderBy == null">-->
<!--            , Id-->
<!--        </if>-->
<!--        ASC LIMIT #{from}, #{recordsPerPage};-->
<!--    </select>-->


    <select id="getAllPaged" resultType="MdaServiceDto" parameterType="MdaOffice">
        SELECT * FROM mda_offices WHERE MdaId = #{MdaId} AND IsActive = 1 ORDER BY #{orderBy}
        <if test="orderBy == null">
            , Id
        </if>
        ASC LIMIT #{from}, #{recordsPerPage};
    </select>

    <select id="getMdaServicesWhereLike" resultType="MdaServiceDto">
        SELECT * FROM mda_services WHERE Name like #{Name} OR Code like #{Code} AND IsActive = 1 order by #{Name}
        <if test="orderBy == null">
            , Id
        </if>
        ASC;
    </select>

<!--    <select id="getAllPagedO" resultMap="MdaOfficeDto" parameterType="MdaOffice">-->
<!--        SELECT * FROM mda_offices WHERE MdaId = #{MdaId} AND IsActive = 1 ORDER BY #{orderBy}-->
<!--        <if test="orderBy == null">-->
<!--            , Id-->
<!--        </if>-->
<!--        ASC LIMIT #{from}, #{recordsPerPage};-->
<!--    </select>-->

<!--    <select id="getMdaOfficesWhereLikeO" resultType="MdaOfficeDto">-->
<!--        SELECT * FROM mda_offices WHERE Name like #{Name} OR OfficeCode like #{OfficeCode} AND MdaId = #{MdaId} AND IsActive = 1 order by #{SortBy}-->
<!--        <if test="orderBy == null">-->
<!--            , Id-->
<!--        </if>-->
<!--        ASC;-->
<!--    </select>-->
</mapper>