<?xml version="1.0" encoding="UTF-8"?>
<!DOCTYPE mapper PUBLIC "-//mybatis.org//DTD Mapper 3.0//EN" "http://mybatis.org/dtd/mybatis-3-mapper.dtd">
<mapper namespace="MdaUser">

    <insert id="insert" parameterType="MdaUser">
        <!--        <selectKey keyProperty="id" keyColumn="id" resultType="int" order="AFTER">-->
        <!--            select last_insert_id();-->
        <!--        </selectKey>-->
        INSERT INTO mda_users
        (MdaId, UserId, CanCollect, CollectionLimit, CanView, CreatedBy, CreatedDate, UpdatedBy, UpdatedDate)
        VALUES
        (#{MdaId}, #{UserId}, #{CanCollect}, #{CollectionLimit}, #{CanView}, #{CreatedBy}, #{CreatedDate}, #{UpdatedBy}, #{UpdatedDate});
    </insert>

    <update id="update" parameterType="MdaUser">
        UPDATE mda_users
        SET
        Id = #{Id}, MdaId = #{MdaId}, UserId = #{UserId}, CanCollect = #{CanCollect}, CollectionLimit = #{CollectionLimit}, CanView = #{CanView},
        CreatedBy = #{CreatedBy}, CreatedDate = #{CreatedDate}, UpdatedBy = #{UpdatedBy}, UpdatedDate = #{UpdatedDate} WHERE Id = #{Id};
    </update>

    <select id="Id" resultType="MdaUser" resultOrdered="true">
        SELECT * FROM mda_users WHERE Id=#{Id} AND IsActive = 1;
    </select>

    <select id="UserId" resultType="MdaUser" resultOrdered="true">
        SELECT * FROM mda_users WHERE UserId=#{UserId} AND IsActive = 1;
    </select>

    <select id="getByMdaUserId" resultType="int" resultOrdered="true">
        SELECT Id FROM mda_users WHERE MdaId = #{MdaId} AND UserId = #{UserId} AND IsActive = 1;
    </select>

    <select id="searchMdaUser" resultType="MdaUser">
        SELECT * FROM mda_users WHERE Name like #{Name} OR MdaCode like #{MdaCode} AND IsActive = 1;
    </select>
</mapper>