<?xml version="1.0" encoding="UTF-8"?>
<!DOCTYPE mapper PUBLIC "-//mybatis.org//DTD Mapper 3.0//EN" "http://mybatis.org/dtd/mybatis-3-mapper.dtd">
<mapper namespace="Pos">

    <insert id="insert" parameterType="Pos">
        <!--        <selectKey keyProperty="id" keyColumn="id" resultType="int" order="AFTER">-->
        <!--            select last_insert_id();-->
        <!--        </selectKey>-->
        INSERT INTO poses
        (PosMetaId,PosImei,SerialNo,IsAssigned,ActivationCode,MdaId,MdaOfficeId,LoggedInUser,LastLoggedInUser,IsActive,CreatedBy,CreatedDate,UpdatedBy,UpdatedDate,PosDeviceSerial)
        VALUES
        (#{PosMetaId},#{PosImei},#{SerialNo},#{IsAssigned},#{ActivationCode},#{MdaId},#{MdaOfficeId},#{LoggedInUser},#{LastLoggedInUser},
        #{IsActive},#{CreatedBy},#{CreatedDate},#{UpdatedBy},#{UpdatedDate},#{PosDeviceSerial});
    </insert>

    <update id="update" parameterType="Pos">
        UPDATE poses SET
        PosMetaId = #{PosMetaId},
        PosImei = #{PosImei},
        SerialNo = #{SerialNo},
        IsAssigned = #{IsAssigned},
        ActivationCode = #{ActivationCode},
        MdaId = #{MdaId},
        MdaOfficeId = #{MdaOfficeId},
        LoggedInUser = #{LoggedInUser},
        LastLoggedInUser = #{LastLoggedInUser},
        IsActive = #{IsActive},
        CreatedBy = #{CreatedBy},
        CreatedDate = #{CreatedDate},
        UpdatedBy = #{UpdatedBy},
        UpdatedDate = #{UpdatedDate}
        WHERE Id = #{Id};
    </update>

    <select id="getPosById" resultType="Pos" resultOrdered="true">
        SELECT * FROM poses WHERE Id=#{Id};
    </select>

    <select id="getPosByPosImeiOrSerial" resultType="Pos" resultOrdered="true">
        SELECT * FROM poses WHERE PosImei=#{PosImei} OR SerialNo = #{SerialNo};
    </select>

    <select id="getPosByPosMda" resultType="Pos" resultOrdered="true">
        SELECT * FROM poses WHERE MdaId = #{MdaId};
    </select>

    <select id="getPosByActivationCode" resultType="Pos" resultOrdered="true">
        SELECT * FROM poses WHERE PosImei=#{PosImei} AND ActivationCode=#{ActivationCode};
    </select>

    <select id="selectAllPos" resultType="PosDto">
        SELECT * FROM poses;
    </select>

    <select id="getCountPos" resultType="int">
        SELECT COUNT(Id) FROM poses;
    </select>

    <select id="selectAllPosesPaged" parameterType="PageFinder" resultType="PosDto">
        SELECT poses.Id AS Id, pos_metas.Os As Os, pos_metas.OsVer As OsVer, pos_metas.Man As Man, pos_metas.Model As Model, pos_metas.SimSlot As SimSlot,
        pos_metas.PrinterSize As PrinterSize, pos_metas.Printer As Printer, pos_metas.Battery As Battery, pos_metas.Charger As Charger, poses.PosImei As PosImei,
        poses.SerialNo As SerialNo, poses.IsAssigned As IsAssigned, poses.ActivationCode As ActivationCode, poses.IsActive As Activation, mdas.Name As MdaName,
        mda_offices.Name As MdaOffice, users.Email As LoggedInUser, poses.LastLoggedInUser As LastLoggedInUser, poses.PosDeviceSerial AS PosDeviceSerial FROM poses INNER JOIN pos_metas  ON poses.PosMetaId = pos_metas.Id
        LEFT JOIN mdas ON poses.MdaId = mdas.Id LEFT JOIN users ON poses.LoggedInUser = users.Id LEFT JOIN mda_offices ON poses.MdaOfficeId = mda_offices.Id ORDER BY #{orderBy}
        <if test="orderBy == null">
            , Id
        </if>
        ASC LIMIT #{from}, #{recordsPerPage};
    </select>


    <select id="searchPos" resultType="PosDto">
        SELECT poses.Id AS Id, pos_metas.Os As Os, pos_metas.OsVer As OsVer, pos_metas.Man As Man, pos_metas.Model As Model, pos_metas.SimSlot As SimSlot,
        pos_metas.PrinterSize As PrinterSize, pos_metas.Printer As Printer, pos_metas.Battery As Battery, pos_metas.Charger As Charger, poses.PosImei As PosImei,
        poses.SerialNo As SerialNo, poses.IsAssigned As IsAssigned, poses.ActivationCode As ActivationCode, poses.IsActive As Activation, mdas.Name As MdaName,
        mda_offices.Name As MdaOffice, users.Email As LoggedInUser, poses.LastLoggedInUser As LastLoggedInUser, poses.PosDeviceSerial AS PosDeviceSerial FROM poses INNER JOIN pos_metas  ON poses.PosMetaId = pos_metas.Id
        LEFT JOIN mdas ON poses.MdaId = mdas.Id LEFT JOIN users ON poses.LoggedInUser = users.Id LEFT JOIN mda_offices ON poses.MdaOfficeId = mda_offices.Id WHERE pos_metas.Os like #{Os} OR pos_metas.Man like #{Man} OR
        pos_metas.Model like #{Model} OR poses.SerialNo like #{SerialNo} OR poses.PosImei like #{PosImei} OR OsVer like #{OsVer};
    </select>


    <select id="getCountMdaPos" resultType="int">
        SELECT COUNT(Id) FROM poses WHERE MdaId = #{MdaId};
    </select>

    <select id="selectAllMdPosesPaged" parameterType="PageFinder" resultType="PosDto">
        SELECT poses.Id AS Id, pos_metas.Os As Os, pos_metas.OsVer As OsVer, pos_metas.Man As Man, pos_metas.Model As Model, pos_metas.SimSlot As SimSlot,
        pos_metas.PrinterSize As PrinterSize, pos_metas.Printer As Printer, pos_metas.Battery As Battery, pos_metas.Charger As Charger, poses.PosImei As PosImei,
        poses.SerialNo As SerialNo, poses.IsAssigned As IsAssigned, poses.ActivationCode As ActivationCode, poses.IsActive As Activation, mdas.Name As MdaName,
        mda_offices.Name As MdaOffice, users.Email As LoggedInUser, poses.LastLoggedInUser As LastLoggedInUser, poses.PosDeviceSerial AS PosDeviceSerial FROM poses INNER JOIN pos_metas  ON poses.PosMetaId = pos_metas.Id
        LEFT JOIN mdas ON poses.MdaId = mdas.Id LEFT JOIN users ON poses.LoggedInUser = users.Id LEFT JOIN mda_offices ON poses.MdaOfficeId = mda_offices.Id WHERE poses.MdaId = #{MdaId} AND poses.IsActive = 1 ORDER BY #{orderBy}
        <if test="orderBy == null">
            , Id
        </if>
        ASC LIMIT #{from}, #{recordsPerPage};
    </select>


    <select id="searchMdaPos" resultType="PosDto">
        SELECT poses.Id AS Id, pos_metas.Os As Os, pos_metas.OsVer As OsVer, pos_metas.Man As Man, pos_metas.Model As Model, pos_metas.SimSlot As SimSlot,
        pos_metas.PrinterSize As PrinterSize, pos_metas.Printer As Printer, pos_metas.Battery As Battery, pos_metas.Charger As Charger, poses.PosImei As PosImei,
        poses.SerialNo As SerialNo, poses.IsAssigned As IsAssigned, poses.ActivationCode As ActivationCode, poses.IsActive As Activation, mdas.Name As MdaName,
        mda_offices.Name As MdaOffice, users.Email As LoggedInUser, poses.LastLoggedInUser As LastLoggedInUser, poses.PosDeviceSerial AS PosDeviceSerial FROM poses INNER JOIN pos_metas  ON poses.PosMetaId = pos_metas.Id
        LEFT JOIN mdas ON poses.MdaId = mdas.Id LEFT JOIN users ON poses.LoggedInUser = users.Id LEFT JOIN mda_offices ON poses.MdaOfficeId = mda_offices.Id WHERE pos_metas.Os like #{Os} OR pos_metas.Man like #{Man} OR
        pos_metas.Model like #{Model} OR poses.SerialNo like #{SerialNo} OR poses.PosImei like #{PosImei} OR OsVer like #{OsVer} AND poses.MdaId = #{MdaId} AND poses.IsActive = 1;
    </select>

<!--    <select id="selectAllPosWhere" resultType="PosDto">-->
<!--        SELECT * FROM Poss WHERE Role IN (#{roleType}) ORDER BY #{orderBy}-->
<!--        <if test="orderBy == null">-->
<!--            , Id-->
<!--        </if>-->
<!--        ASC LIMIT #{from}, #{recordsPerPage};-->
<!--    </select>-->



    <select id="getCountPosWhereMda" parameterType="PageFinder" resultType="int">
        SELECT COUNT(Id) FROM users WHERE MdaId = #{MdaId} AND IsActive = 1;
    </select>
    <select id="selectAllUserWhereMda" parameterType="PageFinder" resultType="PosDto">
        SELECT * FROM users WHERE MdaId = #{MdaId} ORDER BY #{orderBy}
        <if test="orderBy == null">
            , Id
        </if>
        ASC LIMIT #{from}, #{recordsPerPage};
    </select>
<!--    <select id="xsearchMdaPos" resultType="PosDto">-->
<!--        SELECT * FROM poses WHERE Name like #{Name} OR MdaCode like #{MdaCode} OR Abbreviation like #{Abbreviation} AND IsActive = 1;-->
<!--    </select>-->

<!--    <select id="getCountPosWhere" parameterType="org.bizzdeskgroup.Dtos.Query.PageFinder" resultType="int">-->
<!--        SELECT COUNT(Id) FROM users WHERE Role IN-->
<!--        <foreach item="role" collection="roleTypes" separator="," open="(" close=")">-->
<!--            #{role}-->
<!--        </foreach>;-->
<!--    </select>-->
<!--    <select id="selectAllUserWhere" parameterType="org.bizzdeskgroup.Dtos.Query.PageFinder" resultType="PosDto">-->
<!--        SELECT * FROM users WHERE Role IN-->
<!--        <foreach item="role" collection="roleTypes" separator="," open="(" close=")">-->
<!--            #{role}-->
<!--        </foreach>-->
<!--        ORDER BY #{orderBy}-->
<!--        <if test="orderBy == null">-->
<!--            , Id-->
<!--        </if>-->
<!--        ASC LIMIT #{from}, #{recordsPerPage};-->
<!--    </select>-->

<!--    <select id="searchPos" resultType="Pos">-->
<!--        SELECT * FROM poses WHERE Email like #{Email} OR Phone like #{Phone} OR FirstName like #{FirstName} OR LastName like #{LastName};-->
<!--    </select>-->
    <!--    <if test="orderBy == null">-->
    <!--        , Id-->
    <!--    </if>-->
</mapper>