<?xml version="1.0" encoding="UTF-8"?>
<!DOCTYPE mapper PUBLIC "-//mybatis.org//DTD Mapper 3.0//EN" "http://mybatis.org/dtd/mybatis-3-mapper.dtd">
<mapper namespace="PosMeta">

    <insert id="insert" parameterType="PosMeta">
        <!--        <selectKey keyProperty="id" keyColumn="id" resultType="int" order="AFTER">-->
        <!--            select last_insert_id();-->
        <!--        </selectKey>-->
        INSERT INTO pos_metas
        (Os,
        OsVer,
        Man,
        Model,
        SimSlot,
        PrinterSize,
        Printer,
        Battery,
        Charger,
        CreatedBy,
        CreatedDate)
        VALUES
        (#{Os},
        #{OsVer},
        #{Man},
        #{Model},
        #{SimSlot},
        #{PrinterSize},
        #{Printer},
        #{Battery},
        #{Charger},
        #{CreatedBy},
        #{CreatedDate});
    </insert>

    <update id="update" parameterType="PosMeta">
        UPDATE pos_metas SET
        Os = #{Os},
        OsVer = #{OsVer},
        Man = #{Man},
        Model = #{Model},
        SimSlot = #{SimSlot},
        PrinterSize = #{PrinterSize},
        Printer = #{Printer},
        Battery = #{Battery},
        Charger = #{Charger},
        CreatedBy = #{CreatedBy},
        CreatedDate = #{CreatedDate}
        WHERE Id = #{Id};
    </update>

    <select id="getPosMetaById" resultType="PosMetaDto" resultOrdered="true">
        SELECT * FROM pos_metas WHERE Id=#{Id};
    </select>

    <select id="getPosMetaByByManModel" resultType="PosMetaDto" resultOrdered="true">
        SELECT * FROM pos_metas WHERE Man = #{Man} AND Model = #{Model};
    </select>

<!--    <select id="getPosByPhoneCode" resultType="Pos" resultOrdered="true">-->
<!--        SELECT * FROM pos_metas WHERE PosImei=#{PosImei} AND PhoneConfirmationCode=#{Email};-->
<!--    </select>-->

    <select id="selectAllPos" resultType="PosMetaDto">
        SELECT * FROM pos_metas;
    </select>

    <select id="getCountPosMeta" resultType="int">
        SELECT COUNT(Id) FROM pos_metas;
    </select>

    <select id="selectAllPosMetasPaged" parameterType="PageFinder" resultType="PosDto">
        SELECT * FROM pos_metas ORDER BY #{orderBy}
        <if test="orderBy == null">
            , Id
        </if>
        ASC LIMIT #{from}, #{recordsPerPage};
    </select>


<!--    <select id="searchPos" resultType="PosDto">-->
<!--        SELECT * FROM pos_metas WHERE Name like #{Name} OR MdaCode like #{MdaCode} OR Abbreviation like #{Abbreviation} AND IsActive = 1;-->
<!--    </select>-->

<!--    <select id="selectAllPosWhere" resultType="PosDto">-->
<!--        SELECT * FROM Poss WHERE Role IN (#{roleType}) ORDER BY #{orderBy}-->
<!--        <if test="orderBy == null">-->
<!--            , Id-->
<!--        </if>-->
<!--        ASC LIMIT #{from}, #{recordsPerPage};-->
<!--    </select>-->



    <select id="getCountPosWhereMda" parameterType="PageFinder" resultType="int">
        SELECT COUNT(Id) FROM users WHERE MdaId = #{MdaId} AND IsActive = 1;
    </select>
    <select id="selectAllUserWhereMda" parameterType="PageFinder" resultType="PosDto">
        SELECT * FROM users WHERE MdaId = #{MdaId} ORDER BY #{orderBy}
        <if test="orderBy == null">
            , Id
        </if>
        ASC LIMIT #{from}, #{recordsPerPage};
    </select>
<!--    <select id="searchMdaPos" resultType="PosDto">-->
<!--        SELECT * FROM pos_metas WHERE Name like #{Name} OR MdaCode like #{MdaCode} OR Abbreviation like #{Abbreviation} AND IsActive = 1;-->
<!--    </select>-->

<!--    <select id="getCountPosWhere" parameterType="org.bizzdeskgroup.Dtos.Query.PageFinder" resultType="int">-->
<!--        SELECT COUNT(Id) FROM users WHERE Role IN-->
<!--        <foreach item="role" collection="roleTypes" separator="," open="(" close=")">-->
<!--            #{role}-->
<!--        </foreach>;-->
<!--    </select>-->
<!--    <select id="selectAllUserWhere" parameterType="org.bizzdeskgroup.Dtos.Query.PageFinder" resultType="PosDto">-->
<!--        SELECT * FROM users WHERE Role IN-->
<!--        <foreach item="role" collection="roleTypes" separator="," open="(" close=")">-->
<!--            #{role}-->
<!--        </foreach>-->
<!--        ORDER BY #{orderBy}-->
<!--        <if test="orderBy == null">-->
<!--            , Id-->
<!--        </if>-->
<!--        ASC LIMIT #{from}, #{recordsPerPage};-->
<!--    </select>-->

<!--    <select id="searchPos" resultType="Pos">-->
<!--        SELECT * FROM posmetas WHERE Email like #{Email} OR Phone like #{Phone} OR FirstName like #{FirstName} OR LastName like #{LastName};-->
<!--    </select>-->
    <!--    <if test="orderBy == null">-->
    <!--        , Id-->
    <!--    </if>-->
</mapper>