<?xml version="1.0" encoding="UTF-8"?>
<!DOCTYPE mapper PUBLIC "-//mybatis.org//DTD Mapper 3.0//EN" "http://mybatis.org/dtd/mybatis-3-mapper.dtd">
<mapper namespace="PosTransaction">

    <insert id="insert" parameterType="PosTransaction">
        INSERT INTO pos_transactions
        (PosId, OperatorId, CustomerId, CustomerName, CustomerPhone, CustomerEmail, AssessmentId, MdaServiceId, TransactionId, OfflineTransactionId,
        TransactionDate, AmountPaid, RemittanceId, CreatedBy, CreatedDate, TransactionStatus, MdaId)
        VALUES
        (#{PosId}, #{OperatorId}, #{CustomerId}, #{CustomerName}, #{CustomerPhone}, #{CustomerEmail}, #{AssessmentId}, #{MdaServiceId}, #{TransactionId},
        #{OfflineTransactionId}, #{TransactionDate}, #{AmountPaid}, #{RemittanceId}, #{CreatedBy}, #{CreatedDate}, #{TransactionStatus}, #{MdaId});

    </insert>
    <update id="update" parameterType="PosTransaction"></update>
    <select id="AllTransaction" resultType="PosTransactionDto" parameterType="PageFinder">
        SELECT pos_transactions.Id AS Id, pos_transactions.PosId As PosId, pos_transactions.OperatorId AS OperatorId, pos_transactions.CustomerId AS CustomerId,
        pos_transactions.CustomerName AS CustomerName, pos_transactions.CustomerPhone AS CustomerPhone, pos_transactions.CustomerEmail AS CustomerEmail,
        pos_transactions.AssessmentId AS AssessmentId, pos_transactions.MdaServiceId AS MdaServiceId, pos_transactions.TransactionId AS TransactionId,
        pos_transactions.TransactionStatus AS TransactionStatus, pos_transactions.OfflineTransactionId AS OfflineTransactionId, pos_transactions.TransactionDate AS TransactionDate,
        pos_transactions.AmountPaid AS AmountPaid, mda_services.Name AS AssesedService, mda_services.Code AS AssesedServiceCode, poses.PosDeviceSerial AS PosDeviceSerial, users.FirstName AS OperatorFirstName,
        users.LastName AS OperatorLastName
        FROM pos_transactions LEFT JOIN poses ON pos_transactions.PosId = poses.Id LEFT JOIN mda_services ON pos_transactions.MdaServiceId = mda_services.Id LEFT JOIN users ON
        pos_transactions.OperatorId = users.Id ORDER BY #{orderBy}
        <if test="orderBy == null">
            , Id
        </if>
        DESC LIMIT #{from}, #{recordsPerPage};
    </select>
    <select id="AllTransactionMda" resultType="PosTransactionDto" parameterType="PageFinder">
        SELECT pos_transactions.Id AS Id, pos_transactions.PosId As PosId, pos_transactions.OperatorId AS OperatorId, pos_transactions.CustomerId AS CustomerId,
        pos_transactions.CustomerName AS CustomerName, pos_transactions.CustomerPhone AS CustomerPhone, pos_transactions.CustomerEmail AS CustomerEmail,
        pos_transactions.AssessmentId AS AssessmentId, pos_transactions.MdaServiceId AS MdaServiceId, pos_transactions.TransactionId AS TransactionId,
        pos_transactions.TransactionStatus AS TransactionStatus, pos_transactions.OfflineTransactionId AS OfflineTransactionId, pos_transactions.TransactionDate AS TransactionDate,
        pos_transactions.AmountPaid AS AmountPaid, mda_services.Name AS AssesedService, mda_services.Code AS AssesedServiceCode, poses.PosDeviceSerial AS PosDeviceSerial, users.FirstName AS OperatorFirstName,
        users.LastName AS OperatorLastName
        FROM pos_transactions LEFT JOIN poses ON pos_transactions.PosId = poses.Id LEFT JOIN mda_services ON pos_transactions.MdaServiceId = mda_services.Id LEFT JOIN users ON
        pos_transactions.OperatorId = users.Id WHERE pos_transactions.MdaId = #{MdaId} ORDER BY #{orderBy}
        <if test="orderBy == null">
            , Id
        </if>
        DESC LIMIT #{from}, #{recordsPerPage};
    </select>
    <select id="SearchTransaction" resultType="PosTransactionDto" parameterType="PageFinder"></select>
    <select id="SearchTransactionMda" resultType="PosTransactionDto" parameterType="PageFinder"></select>
    <select id="AgentTransaction" resultType="PosTransactionDto" parameterType="PageFinder">
        SELECT pos_transactions.Id AS Id, pos_transactions.PosId As PosId, pos_transactions.OperatorId AS OperatorId, pos_transactions.CustomerId AS CustomerId,
        pos_transactions.CustomerName AS CustomerName, pos_transactions.CustomerPhone AS CustomerPhone, pos_transactions.CustomerEmail AS CustomerEmail,
        pos_transactions.AssessmentId AS AssessmentId, pos_transactions.MdaServiceId AS MdaServiceId, pos_transactions.TransactionId AS TransactionId,
        pos_transactions.TransactionStatus AS TransactionStatus, pos_transactions.OfflineTransactionId AS OfflineTransactionId, pos_transactions.TransactionDate AS TransactionDate,
        pos_transactions.AmountPaid AS AmountPaid, mda_services.Name AS AssesedService, mda_services.Code AS AssesedServiceCode, poses.PosDeviceSerial AS PosDeviceSerial, users.FirstName AS OperatorFirstName,
        users.LastName AS OperatorLastName
        FROM pos_transactions LEFT JOIN poses ON pos_transactions.PosId = poses.Id LEFT JOIN mda_services ON pos_transactions.MdaServiceId = mda_services.Id LEFT JOIN users ON
        pos_transactions.OperatorId = users.Id WHERE pos_transactions.MdaId = #{MdaId} AND pos_transactions.OperatorId = #{AgentId} ORDER BY #{orderBy}
        <if test="orderBy == null">
            , Id
        </if>
        DESC LIMIT #{from}, #{recordsPerPage};
    </select>
    <select id="SearchAgentTransaction" resultType="PosTransactionDto" parameterType="PosTransaction"></select>
    <select id="singleTransaction" resultType="PosTransactionDto">
        SELECT pos_transactions.Id AS Id, pos_transactions.PosId As PosId, pos_transactions.OperatorId AS OperatorId, pos_transactions.CustomerId AS CustomerId,
        pos_transactions.CustomerName AS CustomerName, pos_transactions.CustomerPhone AS CustomerPhone, pos_transactions.CustomerEmail AS CustomerEmail,
        pos_transactions.AssessmentId AS AssessmentId, pos_transactions.MdaServiceId AS MdaServiceId, pos_transactions.TransactionId AS TransactionId,
        pos_transactions.TransactionStatus AS TransactionStatus, pos_transactions.OfflineTransactionId AS OfflineTransactionId, pos_transactions.TransactionDate AS TransactionDate,
        pos_transactions.AmountPaid AS AmountPaid, mda_services.Name AS AssesedService, mda_services.Code AS AssesedServiceCode, poses.PosDeviceSerial AS PosDeviceSerial, users.FirstName AS OperatorFirstName,
        users.LastName AS OperatorLastName
        FROM pos_transactions LEFT JOIN poses ON pos_transactions.PosId = poses.Id LEFT JOIN mda_services ON pos_transactions.MdaServiceId = mda_services.Id LEFT JOIN users ON
        pos_transactions.OperatorId = users.Id WHERE pos_transactions.OfflineTransactionId = #{OfflineTransactionId} OR pos_transactions.TransactionId = #{TransactionId}
    </select>


    <select id="getCountAgent" resultType="int">
        SELECT COUNT(Id) FROM pos_transactions WHERE OperatorId = #{AgentId};
    </select>


    <select id="getCountMda" resultType="int">
        SELECT COUNT(Id) FROM pos_transactions WHERE MdaId = #{MdaId};
    </select>

    <select id="getCount" resultType="int">
        SELECT COUNT(Id) FROM pos_transactions;
    </select>
</mapper>