<?xml version="1.0" encoding="UTF-8"?>
<!DOCTYPE mapper PUBLIC "-//mybatis.org//DTD Mapper 3.0//EN" "http://mybatis.org/dtd/mybatis-3-mapper.dtd">
<mapper namespace="User">

<!--    Id int(11) AI PK-->
<!--    FirstName varchar(64)-->
<!--    LastName varchar(64)-->
<!--    OtherNames varchar(64)-->
<!--    Email varchar(64)-->
<!--    Phone varchar(32)-->
<!--    CreatedDate datetime-->
<!--    LastUpdatedDate datetime-->
<!--    Role varchar(32)-->
<!--    LastLoginDate datetime-->
<!--    LoginFailedDate datetime-->
<!--    LoginFailedCount int(11)-->
<!--    IsEmailConfirmed tinyint(1)-->
<!--    IsPhoneConfirmed tinyint(1)-->
<!--    EmailConfirmedDate datetime-->
<!--    PhoneConfirmedDate datetime-->
<!--    EmailConfirmationCode varchar(32)-->
<!--    PhoneConfirmationCode varchar(32)-->
<!--    ResetPasswordRequestDate datetime-->
<!--    ResetPasswordCode varchar(32)-->
<!--    ResetPasswordCount int(11)-->
<!--    PasswordHash varbinary(4000)-->
<!--    PasswordSalt varbinary(4000)-->
<!--    IsActive-->
    <insert id="insert" parameterType="User">
        <!--        <selectKey keyProperty="id" keyColumn="id" resultType="int" order="AFTER">-->
        <!--            select last_insert_id();-->
        <!--        </selectKey>-->
        INSERT INTO users (FirstName, LastName, OtherNames, Email, Phone, CreatedDate, LastUpdatedDate, Role, LastLoginDate, LoginFailedDate, LoginFailedCount,
            IsEmailConfirmed, IsPhoneConfirmed, EmailConfirmedDate, PhoneConfirmedDate, EmailConfirmationCode, PhoneConfirmationCode, ResetPasswordRequestDate,
            ResetPasswordCode, ResetPasswordCount, PasswordHash, PasswordSalt, IsActive)
        VALUES (#{FirstName}, #{LastName}, #{OtherNames}, #{Email}, #{Phone}, #{CreatedDate}, #{LastUpdatedDate}, #{Role}, #{LastLoginDate}, #{LoginFailedDate}, #{LoginFailedCount},
        #{IsEmailConfirmed}, #{IsPhoneConfirmed}, #{EmailConfirmedDate}, #{PhoneConfirmedDate}, #{EmailConfirmationCode}, #{PhoneConfirmationCode}, #{ResetPasswordRequestDate},
        #{ResetPasswordCode}, #{ResetPasswordCount}, #{PasswordHash}, #{PasswordSalt}, #{IsActive});
    </insert>

    <update id="update" parameterType="User">
        UPDATE users SET FirstName = #{FirstName}, LastName = #{LastName}, OtherNames = #{OtherNames}, Email = #{Email}, Phone = #{Phone}, CreatedDate = #{CreatedDate},
        LastUpdatedDate = #{LastUpdatedDate}, Role = #{Role}, LastLoginDate = #{LastLoginDate}, LoginFailedDate = #{LoginFailedDate}, LoginFailedCount = #{LoginFailedCount},
        IsEmailConfirmed = #{IsEmailConfirmed}, IsPhoneConfirmed = #{IsPhoneConfirmed}, EmailConfirmedDate = #{EmailConfirmedDate}, PhoneConfirmedDate = #{PhoneConfirmedDate},
        EmailConfirmationCode = #{EmailConfirmationCode}, PhoneConfirmationCode = #{PhoneConfirmationCode}, ResetPasswordRequestDate = #{ResetPasswordRequestDate},
        ResetPasswordCode = #{ResetPasswordCode}, ResetPasswordCount = #{ResetPasswordCount}, PasswordHash = #{PasswordHash}, PasswordSalt = #{PasswordSalt}, IsActive = #{IsActive}
        WHERE Id = #{Id}
    </update>

    <select id="getUserById" resultType="user" resultOrdered="true">
        SELECT * FROM users WHERE Id=#{Id};
    </select>

    <select id="getUserByEmail" resultType="user" resultOrdered="true">
        SELECT * FROM users WHERE Email=#{Email};
    </select>

    <select id="getUserByPhone" resultType="user" resultOrdered="true">
        SELECT * FROM users WHERE Phone=#{Phone};
    </select>

    <select id="getUserByPhoneOrEmail" resultType="user" resultOrdered="true">
        SELECT * FROM users WHERE Phone=#{Phone} OR Email=#{Email};
    </select>

    <select id="getUserByPhoneCode" resultType="user" resultOrdered="true">
        SELECT * FROM users WHERE Phone=#{Phone} AND PhoneConfirmationCode=#{Email};
    </select>

    <select id="selectAllUser" resultType="UserDto">
        SELECT * FROM users;
    </select>

    <select id="getCountUser" resultType="int">
        SELECT COUNT(Id) FROM users;
    </select>

    <select id="selectAllUserWhere" resultType="UserDto">
        SELECT * FROM users WHERE Role IN (#{roleType}) ORDER BY #{orderBy}
        <if test="orderBy == null">
            , Id
        </if>
        ASC LIMIT #{from}, #{recordsPerPage};
    </select>

    <select id="getCountUserWhere" parameterType="org.bizzdeskgroup.Dtos.Query.UserPageFinder" resultType="int">
        SELECT COUNT(Id) FROM users WHERE Role IN
        <foreach item="role" collection="roleTypes" separator="," open="(" close=")">
            #{role}
        </foreach>;
    </select>

    <select id="searchUser" resultType="User">
        SELECT * FROM users WHERE Email like #{Email} OR Phone like #{Phone} OR FirstName like #{FirstName} OR LastName like #{LastName};
    </select>
<!--    <if test="orderBy == null">-->
<!--        , Id-->
<!--    </if>-->
</mapper>